Advertisement_budget,social_media_spend,store_openings,economic_index,season,sales
57450.71,26996.78,6,106.26,Autumn,12063.58
47926.04,24623.17,3,108.85,Winter,12091.45
59715.33,20298.15,8,94.08,Spring,-1688.6
72845.45,16765.32,3,101.24,Spring,3757.13
46487.7,23491.12,2,119.54,Summer,24711.4
46487.95,21967.43,3,94.94,Summer,19210.7
73688.19,24475.97,6,89.41,Winter,12546.59
61511.52,23175.86,2,114.82,Autumn,14141.88
42957.88,25247.76,8,119.63,Summer,11226.79
58138.4,17323.82,1,100.04,Summer,23380.66
43048.73,26586.97,7,110.11,Spring,11281.37
43014.05,20988,2,113.41,Spring,12818.66
53629.43,30376.3,6,92.58,Summer,24220.88
21300.8,16554.06,2,95.15,Spring,373.15
24126.23,28679.82,2,112.31,Winter,25764.09
41565.69,20989.55,8,116.85,Summer,-1684.67
34807.53,16742.91,2,105.63,Spring,25657.73
54713.71,17580.57,7,91.2,Winter,8535.38
36379.64,18398.26,3,119.87,Spring,8357.36
28815.44,22120.83,8,94.69,Spring,-6955.16
71984.73,22614.18,7,96.65,Spring,9192.92
46613.36,17131.5,8,103.42,Summer,2494.12
51012.92,19878.23,7,115.54,Autumn,7381.44
28628.78,30711.35,6,108.54,Spring,10942.24
41834.26,28637.72,7,104.15,Winter,22728.15
51663.84,22181.62,5,104.63,Summer,14185.26
32735.1,20190.02,7,100.44,Summer,14870.72
55635.47,20600.16,1,105.58,Winter,-686.41
40990.42,23067.59,1,74.7,Spring,-677.61
45624.59,14886.04,9,97.03,Autumn,30850.86
40974.4,18713.12,5,102.41,Spring,3814.26
77784.17,11657.08,5,88.49,Winter,28368.36
49797.54,21996.12,3,103.86,Summer,8531.95
34134.34,23235.98,5,97.96,Autumn,11026.47
62338.17,17584.07,3,117.55,Summer,22624.79
31687.35,27869.93,9,115.73,Winter,26879.39
53132.95,13871.17,9,95.34,Spring,11925.22
20604.95,12678.13,6,98.49,Autumn,6126.57
30077.21,21122.26,1,99.26,Summer,8117.44
52952.92,25235.49,7,95.48,Summer,16340.06
61077,28419.64,7,101.95,Summer,22857.96
52570.52,17705.58,4,92.42,Spring,10708.27
48265.28,25393.4,8,88.69,Autumn,19108.1
45483.44,19807.46,6,106.23,Spring,28553.87
27822.17,19136.86,4,106.3,Spring,14050.15
39202.34,24418.3,4,91.96,Spring,13628.11
43090.42,23261.61,2,108.95,Winter,-4666.16
65856.83,12118.04,2,93.68,Winter,-16301.02
55154.27,27382.7,4,102.53,Winter,16018.59
23554.4,26900.46,5,108.2,Autumn,10331.51
54861.26,16872.19,8,99.66,Spring,7928.01
44223.77,21979.02,6,104.55,Spring,14632.31
39846.17,22470.15,4,94.84,Winter,9987.88
59175.14,21303.37,7,98.04,Spring,24342.83
65464.99,17248.47,8,97.94,Spring,14411.24
63969.2,16641.88,2,92.53,Summer,2707.08
37411.74,19872.23,7,98.23,Spring,21773.53
45361.81,25863.65,2,84.51,Summer,7411.37
54968.95,22718,2,95.09,Spring,15585.75
64633.18,18146.93,8,97.15,Autumn,8806.81
42812.39,23858.49,2,97.44,Winter,3483.03
47215.12,5757.29,9,97.59,Summer,13062.52
33404.98,25743.83,1,99.38,Winter,9387.04
32056.9,11301.43,9,104.79,Summer,17064.73
62187.89,18187.8,1,108.75,Summer,7835.46
70343.6,14401.65,2,93.5,Summer,-7999.29
48919.85,13526.59,6,87.97,Autumn,6638.88
65052.99,25804.13,6,89.58,Spring,20734.16
55424.54,17661.49,1,95.13,Summer,6486.89
40323.2,21732.52,7,96.48,Autumn,9654.93
55420.93,19765.4,8,92.3,Summer,22851.04
73070.55,22385.2,2,87.04,Spring,3676.61
49462.61,20384.11,8,95.44,Summer,-2532.17
73469.65,13585.04,9,101.81,Autumn,12784.47
10703.82,24981.33,6,105.95,Spring,5989.46
62328.54,17531.22,5,94.43,Autumn,2117.96
51305.71,12217.09,9,95.87,Spring,11082.37
45514.89,17859.42,9,90.73,Spring,17656.05
51376.41,27503.8,1,99.69,Winter,10220.74
20186.47,24251.11,3,91.52,Winter,12155.22
46704.92,18256.74,9,105.73,Winter,31776.36
55356.69,18253.71,2,82.14,Spring,5906.34
72168.41,18391.82,4,96.4,Summer,14703.25
42225.95,30383.74,4,103.01,Autumn,6640.36
37872.6,21909.68,2,101.84,Autumn,1314.81
42473.64,22150.21,3,126.93,Autumn,5933.12
63731.03,25151.42,3,103.5,Winter,7146.08
54931.27,21193.95,1,89.96,Spring,13034.84
42053.6,18704.79,6,99.05,Winter,35102.32
57699.01,19018.25,8,82.24,Summer,5377.98
51456.16,19641.99,3,99.19,Spring,6437.41
64529.67,19813.89,5,91.67,Autumn,11303.86
39469.2,23638.15,1,109.15,Winter,13840
45085.07,20259.73,7,94.5,Winter,14795.54
44118.38,23663.2,1,98.83,Summer,22401.43
28047.28,19596.42,9,93.64,Summer,-12091.84
54441.8,20393.18,8,117.39,Winter,-9586.25
53915.83,10009,7,96.79,Summer,6897.23
50076.7,24581.64,7,118.33,Autumn,24899.87
46481.19,21732.44,5,108.14,Summer,-3666.83
28769.44,24990.05,5,104.82,Summer,-18877.65
43690.32,5518.72,5,103.69,Winter,16082.31
44859.28,30441.87,1,103.94,Winter,12871.89
37965.84,19302.05,8,80.72,Spring,576.37
47580.71,25540.91,1,97.21,Spring,-72.59
56060.76,14800.47,4,108.45,Winter,1772.14
78292.79,23063.87,9,99.51,Summer,16360.6
52618.67,14732.92,9,85.95,Summer,6363.91
53863.26,16881.16,5,99.48,Spring,16458.29
48883.31,29570.16,4,117.04,Spring,-15884.49
21218.43,19046.59,3,112.47,Spring,1139.63
49602.29,21087.16,3,99.38,Autumn,-584.45
50903.45,24350.34,5,109.51,Autumn,9945.29
86948.63,22478.41,1,96.33,Spring,6081.73
47114.59,20752.09,5,82.96,Summer,18662.33
54523.21,21824.81,6,90.76,Spring,-6583.22
49479.32,32017.08,7,115.63,Autumn,14811.75
32469.83,19711.91,9,97.26,Summer,18166.81
67142.34,21005.5,3,97.57,Autumn,30022.53
61279,25253.27,2,97,Summer,6136.55
61865.48,25527.63,3,119.04,Autumn,15872.07
36359.19,25935.15,9,116.26,Summer,-3812.86
71041.91,23193.65,7,122.19,Summer,-8882.47
28972.23,14284.98,9,98.41,Summer,20479.65
58802.86,28167.16,2,102.96,Summer,11305.91
82856.83,14268.27,5,84.83,Winter,23870.93
35141.96,21513.18,4,114.77,Autumn,-2477.38
41505.53,16228.62,2,88.32,Autumn,14028.59
51494.77,19679.31,9,102.17,Winter,32505.76
42447.87,21643.81,9,89.03,Summer,17022.45
26740.05,21606.79,6,94.11,Summer,13556.86
51028.44,22109.6,6,91.63,Autumn,12027.25
34065.44,28068.56,8,93.92,Winter,-3004.06
57103.89,22267.67,6,94.61,Summer,25942.84
36208.64,18779.22,1,94.52,Summer,2450.19
73249.02,24820.44,4,108.33,Summer,18129.42
38251.2,25947.35,7,88.95,Spring,-3694.5
45169.08,13861.96,2,102.21,Winter,-2256.69
62202.76,22987,9,112.18,Summer,29428.97
31537.04,23505.86,8,94.87,Spring,8727.8
53411.9,18512.18,8,92.82,Winter,27385.32
69607.14,26878.53,7,97.69,Summer,13252.83
25887.75,19249.72,4,111.8,Autumn,-7954.61
52769.51,20627.88,2,101.94,Spring,19306.38
53898.24,19134.64,3,94.69,Spring,4561.26
61727.34,20077.9,6,104.84,Summer,19941.49
31445.74,14518.62,5,88.98,Summer,9954.89
30193.15,12799.75,8,106.81,Spring,-3557.04
57829.12,27972.53,6,104.09,Autumn,15016.71
54454.77,15765.19,6,96.92,Autumn,33832.19
53757.39,15043.04,1,91.61,Winter,13961.68
55196.72,9233.05,4,91.13,Summer,9499.8
39799.63,16805.19,5,105.35,Autumn,21895.33
53483.81,13384.55,3,112.29,Winter,13026.14
54396.09,28210.08,9,93.63,Autumn,16293.45
39284.73,25049.09,1,104.58,Summer,-1199.09
77986.62,16559.25,6,79.13,Winter,14579.05
57107.49,31262.18,6,94.15,Winter,23478.28
32130.45,24908.83,5,99.69,Winter,2783.11
59848.3,18375.84,5,90.9,Autumn,25792.44
35379.77,7502.97,5,90.63,Summer,8503.67
61806.27,31454.71,6,93.32,Winter,4455
67378.93,13052.14,8,102.92,Spring,23535.44
37689.77,11773.01,2,98.13,Summer,5884.89
64450.64,25112.85,6,77.62,Spring,19707.71
56191.71,32198.76,1,78.79,Spring,6907.4
62330.9,26921.36,4,93.93,Winter,11428.49
78451.89,22819.55,3,104.58,Winter,17472.76
46319.18,22973.77,9,72.52,Autumn,15228.83
38693.96,24267.08,3,95,Autumn,-9789.25
36657.28,23794.64,6,94.74,Autumn,301
37762.85,21405.96,1,113.88,Summer,19108.72
48843.47,20521.01,6,96.15,Autumn,10609.99
55117.28,19687.03,4,103.83,Spring,6285.01
54150.36,16230.18,8,101.41,Autumn,-469.31
62407.75,18596.62,9,78.69,Winter,2305.25
50195.03,11535.22,4,107.68,Autumn,-9361.42
71803.01,19508.3,6,102.15,Summer,12265.51
46030.15,15057.04,1,105.08,Summer,3295.69
90802.54,14482.05,4,139.26,Spring,4995.81
59385.01,20899.47,7,79.16,Summer,11437.97
37142.64,26960.01,1,117.25,Autumn,14056.14
33936.61,24591.58,8,97.13,Winter,33512.64
57237.09,12147.5,6,102.87,Summer,-3121.68
46648.06,15051.86,5,99.54,Spring,22607.36
60710.01,24703.86,9,95.76,Autumn,24070.82
57098.56,15087.56,2,94.3,Spring,1986.01
48907.57,18876.83,5,103.3,Summer,13672.88
37298.09,22750.26,6,84.83,Summer,6370.09
27277.29,15158.28,7,107.51,Spring,13308.91
43302.28,20526.88,5,95.84,Autumn,26230.57
62845.98,13329.87,9,88.7,Summer,19219.75
53211.41,16993.16,1,95.5,Winter,14441.11
31313.92,21598.91,7,112.57,Summer,8139.02
52597.71,12035.03,7,94.65,Autumn,-2975.38
55779.76,22202.37,4,103.58,Summer,9679.5
36742.14,19901.81,9,92.69,Spring,24629.83
52305.88,22762.45,5,107.58,Summer,-2936.39
50873.13,21119.57,4,106.86,Summer,1045.33
32855.45,26820.7,7,118.49,Autumn,14515.61
55366.81,20626.12,4,98.24,Spring,1483.88
58411.77,17852.97,3,106.69,Autumn,3298.09
66245.77,20611.49,9,100.98,Summer,10294.22
65807.03,22716.49,8,112.96,Winter,1159.5
29334.96,20244.3,1,92.81,Summer,-1494.43
35932.62,20202.96,7,107.45,Autumn,19359.65
57725.53,16490.04,9,98.05,Winter,594.28
57706.79,16685.5,8,99.36,Autumn,-2750.54
57725.72,12986.97,8,100.92,Autumn,6710.99
107790.97,28747.88,6,102.52,Spring,23134.93
58563.36,13780.68,4,98.84,Winter,9063.4
67033.48,16535.47,8,102.15,Summer,9156.2
64310.03,16407.96,3,115.78,Autumn,12300.73
59770.87,24474.62,9,109.85,Summer,-2498.06
45270.96,18525.25,2,108.69,Spring,15127.12
61384.54,26238.71,2,95.44,Spring,14774.67
38407.62,16632.55,7,91.11,Winter,7273.4
46447.72,21394.97,4,109.55,Spring,21570.73
42719.55,15823.26,8,108.76,Spring,1564.88
51228.11,30725.75,9,114.73,Summer,26555.06
84719.88,14062.01,7,93.96,Spring,15103.89
21991.02,21549.1,5,97.7,Spring,6842.95
60293.9,23168.88,8,83.61,Autumn,12889.97
25809.26,22069,4,96.08,Spring,8787.34
42921.02,19073.56,2,109.97,Autumn,22413.26
66334.26,19350.9,6,95.34,Spring,1864.99
50964.2,20219.06,9,106.4,Spring,6360.54
33833.83,19264.99,1,98.09,Winter,19060.42
39270.44,24819.4,7,103.24,Winter,6715.72
60193.97,31052.62,9,88.52,Autumn,23465.24
39044.5,17212.54,9,100.85,Spring,29866.09
53246.88,13150.99,3,70.09,Summer,4720.97
50683.58,19558.59,5,98.13,Winter,18378.99
40225.99,32898.55,8,83.7,Summer,1311.26
82159.16,15981.63,8,112.06,Winter,22596.82
59508.79,28195.58,4,107.77,Winter,14673.83
19622.86,28388.5,1,104.67,Spring,13716.11
52796.81,17232.06,1,115.21,Winter,3883.18
40073.2,22844.92,4,90.51,Summer,-6234.08
62786.5,28141.98,6,117.47,Winter,19356.7
38112.19,18104.36,8,109.32,Autumn,-7774.07
48278.95,18982.1,6,97.63,Spring,8640.51
57574.81,17091.6,9,111.36,Spring,23725.89
62986.33,14926.22,9,88.94,Autumn,15249.39
31995.55,16753.61,2,91.75,Autumn,28050.99
44982.48,13880.3,1,93.91,Autumn,18846.14
42875.82,20170.42,2,94.71,Winter,3013.94
40200.06,16150.13,5,89.43,Spring,10546.65
76481.81,21168.93,4,112.23,Autumn,12695.4
56074.73,12220.52,4,97.41,Winter,-5109.89
31086.74,21654.4,9,103.53,Autumn,3599.2
63767.93,24167.64,8,94.3,Summer,8249.2
81832.34,10031.32,6,81.79,Summer,-8358.58
65486.98,21870.28,1,102.7,Spring,11133.91
27209.45,26138.34,2,80.88,Winter,6064.82
42736.49,13951.79,6,99.31,Summer,-5490.47
69003.67,28362.86,2,86.32,Summer,15097.34
39384.96,22095.1,5,119.87,Winter,19449.08
56657.29,16474.94,5,109.11,Autumn,14416.7
61619.51,19721.15,6,101.06,Winter,9530.99
36096.04,22791.63,6,112.64,Autumn,18214.55
49107.12,20380.03,6,91.54,Summer,18484.96
1380.99,22693.78,2,105.43,Summer,11250.09
34634.19,15396.63,3,102,Summer,1337.32
46211.48,20846.8,6,102.64,Spring,14876.33
31283.25,12931.43,8,112.72,Spring,24189.48
74486.17,19443.87,1,107.32,Spring,5179.53
28547.88,15480.46,1,102.89,Winter,29349.72
43399.33,16322.35,2,83.45,Summer,3411.95
51961.11,26180.47,6,90.4,Summer,12556.56
71619.1,25456.55,9,98.77,Winter,8391.12
28462.07,23045.69,4,100.93,Spring,12545.97
67447.46,14538.44,3,88.7,Winter,-6891.77
50153.5,18417.96,8,124.12,Spring,8726.69
35277.37,26065.49,9,115.16,Summer,3205.9
56931.55,20708.58,5,106.02,Autumn,13697.65
52985.9,31596.65,9,100.72,Spring,24657.5
40996.75,21966.59,2,97.88,Summer,16181.23
51047.03,20960.25,3,90.48,Summer,-13443.42
44220.3,18454.42,7,100.77,Autumn,32686.57
51702.76,20667.7,7,102.58,Summer,15840.35
59931.96,19237.65,6,87.58,Summer,4169.62
73790.25,23540.54,6,103.34,Spring,15311.03
31432.77,24783.51,2,98.45,Spring,11238.72
81995.5,16070.05,6,80.92,Autumn,5802.89
20718.68,13343.84,4,91.4,Autumn,10692.61
47723.22,10818.97,3,95.86,Summer,3489.96
58824.76,22539.96,2,118.88,Spring,7644.81
54214.88,14483.17,1,105.57,Autumn,2825.11
40659.51,9235.55,5,86.65,Autumn,-4682.39
46878.17,21942.89,2,104.86,Winter,11860.7
42604.99,32465,2,84.53,Autumn,15846.94
41159.53,19969.65,7,110.83,Summer,17865.88
62744.03,24192.45,8,95.29,Spring,22036.35
55355.23,20409.15,8,99.06,Autumn,16636.9
39606.36,19505.55,4,113.26,Winter,5936.51
63494,24595.38,1,87.13,Spring,18395.47
54609.49,18548.63,7,86.03,Autumn,-1519.31
62192.93,21336.96,1,94.16,Winter,1077.89
59444.43,21608.49,4,110.38,Autumn,2617.9
37565.07,16659.55,8,84.81,Spring,22252.08
41597.28,24960.21,2,71.68,Spring,18088.57
61209.4,19125.2,6,95.49,Spring,17238.04
59155.55,16221.27,6,105.52,Summer,23270.78
49686.48,22682.55,9,112,Autumn,5646.1
51759.91,15507.66,5,95.37,Summer,14603.06
69164.97,20140.91,4,95.89,Spring,10612.28
41126.43,19954.41,5,111.54,Winter,20258.5
58206.46,25429.48,5,81.3,Autumn,10397.44
46967.11,22373.49,8,96.11,Summer,9114.31
46734.78,19874.87,8,101.9,Autumn,18470.81
66481.65,24088.83,2,104.49,Winter,20297.38
62381.25,26951.04,7,94.9,Summer,6856.69
62202.64,22789.05,8,100.34,Spring,13339.5
69582.18,20051.76,6,75.12,Summer,1274.84
50315.06,13440.82,5,93.42,Autumn,-14178.59
60229.29,14674.43,9,104.54,Autumn,15957.02
45346,18473.88,3,90.18,Autumn,15883.26
54862.5,16952.44,4,100.59,Autumn,13789.49
48047.85,19065.14,9,104.47,Spring,-5844.51
51454.94,20283.25,6,96.57,Summer,8535.41
58927.36,22648.46,8,101.7,Spring,-8340.23
37726.69,19647.51,7,90.37,Spring,25173.65
81385.81,22432.51,2,97.93,Spring,899.85
34909.74,20322.37,3,106.1,Autumn,22770.31
31787.17,10122.67,1,101.57,Autumn,17476.37
67371.66,15303.32,9,94.13,Autumn,4833.45
61874.94,19279.56,7,102.24,Summer,1940.26
59361.8,13951.53,1,107.15,Winter,13505.41
59425.18,22999.64,3,79.5,Autumn,1882.99
49816.3,27653.75,4,111.59,Summer,13327.46
36541.18,26093.81,4,96.64,Autumn,5958.29
51137.07,18932.79,5,104.25,Autumn,-5987.61
39842.57,27453.63,3,111.97,Spring,-11017.76
64626.8,20743.34,3,86.28,Spring,12971.65
47794.14,18314.57,1,92.91,Spring,3384.8
37617.54,16932.99,7,97.11,Summer,6080.12
45179.21,18487.65,1,92.16,Winter,15864.61
56193.97,18059.12,2,117.35,Winter,22916.35
41544.13,20852.08,4,91.43,Summer,7611.43
37666.69,20802.87,4,94.44,Autumn,6903.58
53655.31,20015.23,5,102.04,Summer,16907.41
53674.5,22184.69,2,87.98,Autumn,-3671.86
42395.85,25953.23,4,96.04,Summer,13249.58
42934.43,24747.77,1,103.17,Summer,15323.9
53480.75,12575.51,2,96.67,Summer,16335.88
28278.73,7230.39,1,99.07,Winter,-11861.66
28888.04,24671.6,4,94.71,Spring,2540.08
39223.34,13165.61,4,84.86,Summer,494.78
46798.29,18876.17,7,103.22,Winter,13569.88
54663.61,14149.43,9,117.55,Spring,19050.08
72130.34,10990.1,9,100.18,Spring,28961.83
62864.89,22707.31,5,102.25,Summer,7642.67
47600.92,23795.78,1,106.93,Autumn,5194.48
49714.76,17117.45,1,87.31,Autumn,20257.35
34962.06,7044.79,6,117.03,Autumn,14168.96
49722.3,17268.78,2,102.02,Summer,22665.13
45670.12,21959.02,8,116.32,Autumn,16783.51
54840.78,12605.44,9,92.67,Winter,1372.81
37591.54,20916.8,4,118.18,Winter,-1809.36
57790.2,19923.45,5,107.75,Winter,-3084.24
72991.08,22896.46,8,105.53,Winter,21438.29
48368.6,20597.9,3,102.34,Spring,22569.23
56025.68,15134.66,5,97.51,Winter,29941.18
60352.16,25982.86,3,112.01,Autumn,20667.79
43981.69,19207.35,3,101.4,Summer,21954.06
53361.39,19863.48,3,80.33,Autumn,4013.48
50188.89,15333.66,7,88.83,Winter,173.48
51465.14,17783.59,7,98.14,Spring,20903.74
38404.85,15575.99,7,103.1,Winter,16058.13
50367.65,19135.27,8,99.43,Summer,14115.15
57469.97,28558.54,5,112.19,Autumn,17181.4
71767.15,13140.49,5,80.49,Summer,14415.95
64389.06,11932.19,4,101.44,Summer,24104.2
82297.74,27355.85,7,81.82,Summer,26864.21
38489.79,18953.38,4,107.6,Autumn,16302.96
63084.81,16654.64,2,99.06,Winter,18957.64
52750.13,25199.52,4,104.2,Summer,17024.09
82847.04,16971.92,8,91.36,Autumn,9496.41
37875.53,29130.05,9,112.79,Spring,21929.33
37404.17,23389.63,3,110.42,Autumn,-3142.57
41009.11,17560.44,7,105.84,Spring,22786.21
18141.56,30786.54,9,98.7,Autumn,899.77
42113.67,16971.43,4,105.8,Winter,13671.43
38613.01,23710.48,3,92.93,Summer,1542.45
52255.91,21496.46,5,108.56,Winter,17854.4
55126.34,26508.71,1,116.49,Autumn,10902.26
78142.56,27807.56,3,110.71,Summer,-2760.33
64256.36,20160.02,8,92.7,Spring,17667.62
41346.45,16232.91,8,103.61,Autumn,6807.25
36523.78,22299.86,4,87.07,Summer,18795.15
57378.79,16611.42,2,105.72,Spring,10497.11
30196.5,30066.94,8,104.51,Spring,17094.89
77471.88,20682.68,8,81.3,Winter,4077.52
67691.6,18173.39,4,88.38,Autumn,5404.13
42962.37,20923.4,3,97.17,Spring,5594.1
24302.98,13264.37,2,96.99,Summer,16712.82
70308.09,15141.93,9,87.91,Spring,30396.03
48281.9,26002.07,1,103.89,Spring,2137.04
68567.24,16715.53,7,102.51,Winter,24219.59
26083.59,14765.45,5,98.06,Winter,-11748.36
41009.37,22683.26,8,92.44,Summer,565.24
50078.66,25928.52,4,110.49,Winter,2574.93
50704.71,23594.77,7,116.55,Spring,225.23
43249.02,24980.24,5,95.16,Spring,-4417.01
59342.75,16216.02,5,93.88,Winter,15648.41
33985.69,12890.95,9,104.91,Spring,10335.38
47864.31,27506.67,9,96.42,Spring,17708.8
51804.43,18386.6,9,98.61,Summer,20416.38
57716.58,18745.83,6,107.4,Winter,15471.67
60674.22,26640.97,6,80.91,Spring,18788.12
33130.37,22781.15,5,113.18,Winter,11002.69
26988.29,22279.44,9,100.73,Summer,818.34
69165.15,30825.01,8,95.89,Winter,25356.9
54984.71,16782.41,7,99.11,Spring,6656.21
38772.7,24639.2,7,99.62,Winter,3094.81
73267.28,20285.07,6,82.69,Spring,10641.49
51735.12,21342.96,5,114.95,Spring,3413.58
67689.46,27642.34,4,100.41,Spring,8442.06
51012.78,22539.18,3,104.43,Summer,14535.81
80911.22,22691.48,3,109.52,Winter,16380.3
76330.11,25362.54,6,89.79,Summer,4376.71
46265.54,18175.24,4,104.73,Winter,6186.74
64573.56,15803.95,6,97.32,Summer,23122.32
59680.64,14775.95,3,108.47,Autumn,16093.61
70529.47,10168.22,4,78.73,Spring,31027.08
35526.15,30281.04,9,99.01,Spring,25450.57
60290.77,14483.96,5,93.97,Summer,22834.69
65876.37,18893.73,7,104.32,Autumn,-317.37
23618.91,18615.93,2,104.7,Spring,16543.82
32251.12,21537.03,5,92.92,Winter,10010.45
19411.52,24078.69,9,92.88,Summer,6551.05
45958.9,24302.37,3,98.89,Spring,12366.79
60763.13,17084.61,9,91.03,Spring,22908.54
72535.36,19164.39,6,108.42,Summer,18609.24
51111.42,21412.9,4,96.31,Summer,2319.36
74429.23,18756.54,7,70.93,Winter,19753.07
29298.48,28036.73,8,96.25,Winter,6204.49
24449.26,22454.87,6,89.61,Spring,12666.18
49166.78,23674.39,5,83.69,Spring,8003.29
55760.98,23314.41,6,87.63,Summer,9866.04
49509.58,25867.37,5,101.09,Spring,19761.8
18988.37,20905.11,8,113.29,Spring,1884.39
48663.2,13515.84,1,103.13,Summer,28642.88
30432.96,21998.44,7,93.93,Spring,-6732.84
60045.09,16743.22,2,104.56,Spring,4593.04
55498.97,17356.92,9,95.41,Autumn,17176.12
35901.8,22931.82,1,93.05,Winter,14685.28
42292,26191.42,6,88.46,Summer,10648.16
34111.8,20106.36,9,82.48,Autumn,11404.19
49059.81,21544.17,1,96.1,Winter,13647.02
64327.13,28511.07,4,101.58,Winter,10325.55
35214.11,21203.77,4,99.03,Winter,24400.32
57560.7,33008.42,9,95.84,Autumn,23244.2
42046.14,22827.55,5,90.54,Autumn,19723.75
38106.91,11196.19,5,106.08,Winter,1003.47
48394.54,23766.71,6,86.83,Spring,10868.68
34471.37,21905.79,1,107.76,Spring,6359.37
41695.26,26448.76,1,89.98,Autumn,-816.35
32031.83,23365.91,9,92.48,Autumn,16236.51
79470.88,19307.72,3,85.33,Autumn,5948.2
50528.95,13878.51,4,94.99,Winter,17000.27
39504.12,18954.88,1,109.75,Spring,-1222.82
53209.7,15747.4,9,105.16,Autumn,30908.68
48315.08,17097.38,8,109.78,Autumn,4349.22
46685.46,22942.89,2,105.22,Summer,12643.73
59212.5,28349.52,8,88.96,Winter,21655.18
61362.62,21973.36,7,96.69,Summer,7474.1
42042.48,14020.58,6,92.2,Spring,19358.46
41362.73,22223.01,1,113.31,Summer,-2260.36
45874.22,25983.16,7,88.03,Summer,26815.04
15471.18,16951.09,7,108.94,Summer,11238.14
27272.13,19329.91,9,108.93,Winter,6952.39
70503.11,20073.44,1,118.3,Spring,8554.21
74674.52,16075.51,2,95.9,Summer,18923.96
46264.46,23241.4,9,107.12,Winter,8243.98
58648.35,19395.26,9,122.82,Spring,7631.46
54668.75,22097.66,6,93.82,Autumn,10016.88
96183.21,15562.54,6,84.65,Summer,1537.04
66793.62,17812.71,4,81.2,Spring,29030.14
48081.24,23611.91,4,107.13,Summer,6005.57
35666.89,18135.83,5,81.17,Autumn,18148.88
25903.31,28634.82,3,96.28,Spring,11994.65
53051.95,18001.82,1,104.37,Winter,25.9
38654.74,21123.42,1,101.85,Spring,9155.56
28666.19,24662.95,7,104.25,Winter,20018.87
40301.41,12908.17,1,102.22,Spring,6776.11
33776.78,11195.96,1,112.79,Winter,20715.15
75307.12,12371.72,3,90.48,Autumn,21034.25
63224.6,26312.92,4,93.23,Autumn,21156.91
49880.41,17240.71,4,92.27,Autumn,5930.21
72199.16,32791,2,108.3,Spring,1849.81
51160.52,17178.76,1,109,Autumn,3786.45
37080.74,20922.76,3,104.51,Summer,12235.77
72846.86,27710.55,4,111.83,Autumn,18948.55
58083.65,30030.46,3,88.22,Winter,-10438.09
34441.31,30307.52,8,116.67,Winter,13959.04
47144.92,26041.83,1,115.23,Winter,12342.98
36865.73,25120.31,2,107.36,Spring,7445.47
29258,22962.63,7,117.82,Summer,25623.65
63892.66,23891.81,4,83.43,Autumn,15535.28
78641.25,17244.07,8,94.76,Summer,27171.51
29021.49,15909.01,3,92.65,Summer,6716.69
58444.54,19983.13,6,107.21,Winter,22316.15
40240.36,19149.08,9,89.5,Winter,28929.61
42693.12,17733.86,1,107.57,Winter,22608.8
41114.09,23481.94,1,113.71,Spring,-801.66
37040.14,24776.53,8,106.95,Summer,10664.87
50727.82,20442.03,3,102.84,Summer,7382.11
37535.75,27387.65,5,90.12,Spring,15966.34
54056.85,14291.55,1,91.53,Spring,15786.2
49246.43,19031.7,5,112.5,Spring,3720.93
46415.78,16415.89,6,107.79,Summer,12721.95
36386.55,10667.32,8,99.61,Summer,-8526.06
41348.43,19586.6,3,95.82,Winter,24404.8
61330.87,19391.26,3,79.74,Winter,5041.1
57513.76,27567.25,9,89.29,Summer,14624.21
35336.67,23154.06,4,119.11,Winter,8538.16
51489.98,14879.07,4,87.2,Spring,21585.1
61270.81,29270.46,7,101.89,Autumn,-14335.39
24958.92,26105.17,2,110.07,Winter,9733.76
58150.4,22910.49,8,87.45,Summer,12074.67
40060.64,18867.58,6,101.85,Winter,7128.57
58558.98,15202.8,3,109.38,Winter,28435.44
38551.11,18138.97,9,100.12,Winter,4071.38
22926.77,25443.74,5,128.68,Autumn,19873.8
25586.86,29422.93,8,83.31,Spring,15361.21
50721.27,27716.22,7,110.59,Summer,26418.05
53895.84,17555.75,8,98.27,Autumn,6380.86
36435.25,14401.91,7,107.72,Summer,4550.23
59578.89,20704.43,3,104.41,Summer,22336.5
25077.2,11157.8,2,92.67,Summer,12053.2
49008.8,21615.84,7,102.29,Autumn,-2615.17
31834.76,19261.99,3,81.42,Spring,3310.65
40222.46,17669.82,3,106.03,Summer,14110.04
50710.98,12026.48,2,102.98,Spring,18024.31
37093.8,22568,4,106.39,Spring,4187.32
44231.67,17336.5,8,110.58,Winter,-15955.06
65094.39,14150.42,1,103.68,Autumn,15342.98
41346.62,5638.69,1,101.48,Autumn,-4070.78
62535.38,19862.43,5,91.19,Winter,-8338.12
33054.4,28861.26,5,92.88,Winter,-17157.64
57947.06,28306.3,1,111.87,Spring,19395.17
71623.53,17714.52,6,114.36,Summer,15022.51
12925.33,16988.94,1,97.62,Autumn,5169.82
38046.57,22343.87,5,100.46,Summer,25123.08
58656.08,15008.07,9,90.95,Summer,19574.2
46954.32,21508.96,5,111.73,Winter,28377.93
55567.19,23830.4,6,106.65,Summer,-890.06
40940.22,26134.67,8,119.41,Spring,13762.78
51298.85,19499.23,1,91.22,Winter,-6921.25
47664.84,18981.63,2,96.22,Summer,7438.95
67516.73,15610.09,9,102.31,Winter,11813.99
53816.31,15865.6,3,106.46,Spring,17049.2
55064.04,18867.61,6,97.84,Spring,12610.25
43821.85,21836.83,5,91.27,Summer,17255.61
42685.91,24567.92,2,108.81,Winter,17634.63
43511.63,15984.11,7,107.21,Summer,33884.1
55916.78,27463.44,4,90.84,Summer,8401.95
43685.23,18644.38,1,113.55,Winter,503.08
54346.62,19893.16,4,111.7,Summer,14374.62
81131.01,16263.94,6,101.34,Spring,5401.87
63066.87,7878.8,7,100.8,Winter,27203.26
45109.65,24420.23,7,105.54,Winter,10213.92
68018.21,23684.22,7,91.38,Winter,7768.88
43878.87,18593.36,3,100.3,Winter,5543.26
19428.13,20334.95,6,78.48,Summer,16726.38
34878.71,22579.7,8,108.76,Summer,11430.84
21938.12,12187.27,4,84.39,Spring,1874.72
44727.3,17354.74,8,115.03,Autumn,30069.76
50276.28,23971.32,2,96.7,Autumn,1744.82
75146.56,13728.55,9,97.88,Spring,14605.27
54903.91,21467.79,9,93.72,Autumn,20211.68
46713.49,13217.09,8,97.12,Spring,-4064.31
62441.08,22332.15,1,114.19,Summer,15940.73
16832.97,19821.79,2,75.12,Winter,-3307.69
53534.22,11924.34,6,112.77,Winter,20556.99
61562.98,25823.7,5,103.38,Summer,3206.53
27821.21,16327.04,9,87.93,Winter,18581.41
67156.31,15948.74,5,89.25,Winter,22714.55
55077.45,21002.85,2,116.76,Autumn,19926.47
43770.68,25743.19,4,90.54,Summer,13308.16
59491.73,14920.89,9,88.47,Autumn,10818.75
84060.39,20308.4,1,111.37,Autumn,6172
52727.99,22144.08,1,103.39,Winter,24847.77
53723.31,23465.53,7,90.62,Winter,5659.46
43109.59,20882.21,3,102.17,Summer,83.9
37252.33,18164.86,2,89.74,Winter,15516.49
62455.04,15862.05,9,111.01,Winter,6540.85
37158.74,20430.72,3,110.61,Summer,1042.26
51073.49,14639.3,2,105.32,Winter,-4385.22
42835.14,5393.25,8,103.62,Autumn,6965.12
57184.7,22182.8,6,117.61,Summer,12707.21
55004.93,24519.67,6,100,Winter,15202.74
65563.1,8185.34,7,88.18,Spring,21355.04
42349.75,14951.35,7,104.49,Summer,17327.07
45951.88,23095.77,6,120.86,Summer,11299.53
35318.54,30287.48,4,89.85,Spring,8699.47
43335.6,20103.97,9,96.39,Winter,18256.17
55659.51,16359.99,6,104.16,Winter,25085.48
61354.83,19085.52,4,99.46,Summer,12850.73
36167.52,26874.38,3,90.18,Summer,5296.02
63044.09,16770.18,4,111.22,Winter,2186.16
70334.57,16004.04,3,123.2,Winter,-1935
56201.52,17586.28,2,101.96,Autumn,17017.68
78151.94,15233.36,5,90.96,Summer,17974.05
38393.16,20613.35,2,84.51,Summer,14587.86
31330.18,28123.39,6,102.58,Spring,10658.79
23319.2,21615.4,3,111.04,Autumn,24056.54
72440.66,18738.23,6,104.75,Winter,8577.41
59815.48,18540.94,9,99.98,Autumn,23565.74
49166.23,12184.05,1,94.11,Winter,8311.11
54199.53,24415.55,6,89.08,Winter,6093.71
33117.66,19610.81,9,108.35,Autumn,19107.55
86686.28,19097.6,4,109.14,Summer,17435.48
51938.32,35965.54,2,84.54,Winter,14330.89
51640.92,21493.76,4,115.9,Autumn,12949.33
60886.5,16241.04,1,105.74,Spring,9751.68
57215.14,17868.21,3,114,Autumn,35413.93
53358.26,25742.23,9,86.58,Spring,25398.86
38142.88,20566.35,5,86.34,Winter,17657.72
57072.03,12808.61,6,98.51,Autumn,12961.78
78230.37,24596.14,3,105.03,Autumn,22742.28
70181.3,16659.28,5,117.96,Spring,18419.76
73897.8,29366.49,8,107.06,Autumn,15699.26
42331.76,25400.24,6,97.57,Autumn,9031.46
35155.93,17763.39,4,89.74,Winter,8916.69
48113.2,26405.08,2,112.3,Autumn,-20531.19
50835.87,20339.28,9,90.35,Summer,15312.44
66412.87,24263.87,1,116.28,Spring,6690.99
24613.03,22423.66,1,97.16,Autumn,24349.24
72943.25,15768.22,4,115.91,Spring,12897.56
47629.88,16782.25,7,106.79,Spring,673.94
43596.78,25149.8,1,98.63,Spring,9124.52
34818.43,18326.12,9,94.81,Autumn,2026.3
25177.15,17981.76,4,96.59,Autumn,14300.97
62347.56,15224.39,3,104.28,Spring,13958.8
51099.77,22118,1,100.77,Summer,19461.32
30650.59,30312.62,4,94.06,Spring,2751.72
30573.82,14662.34,9,98.34,Summer,12478.76
44963.23,20121.1,6,100.79,Spring,-1752.87
75035.32,27061.1,6,78.71,Winter,19927.1
46106.13,19601.79,1,104.58,Spring,14791.16
27452.86,22261.86,2,90.2,Spring,13621.64
46313.85,14688.03,6,88.47,Autumn,10970.43
45909.15,22141.54,2,83.13,Summer,13391.01
9546.7,19064.28,3,82.06,Winter,23708.87
49185.58,24928.65,4,86.45,Summer,7945.13
46535.98,25936.93,5,92.91,Winter,12993.71
60443.1,32947.82,9,119.53,Spring,5273.22
77734.34,22898.17,4,94.74,Autumn,3812.96
66898.48,21628.98,9,101.78,Autumn,15682.38
45966.67,20971.92,3,104,Summer,21735.42
33402.11,18234.17,8,101.31,Autumn,9671.53
88600.4,21692.42,1,99.23,Summer,9287.75
50888.28,18522.99,9,88.05,Summer,8879.9
50208.94,20842.3,9,114.51,Winter,9115.76
49638.12,26587.99,2,118.07,Summer,14482.16
52971.27,14967.29,4,83.17,Winter,-4908.13
47834.59,25699.39,8,89.76,Autumn,25785.08
41395.07,26585.58,7,97.2,Summer,5922.38
41797.12,19409.66,1,90.35,Summer,15899.16
49508.7,9390.73,5,105.06,Spring,-1720.29
41848.63,16960.89,7,92.72,Summer,18293.7
39307.31,26484.97,4,121.65,Summer,18906.11
51596.45,19885.66,1,111.91,Spring,14108.2
46175.34,15003.49,9,102.13,Spring,3171.26
72559.89,17476.13,5,110.27,Autumn,15575.07
10235.45,24203.1,2,111.06,Summer,-2809.54
66372.6,22733.67,8,94.36,Autumn,11367.69
68691.28,18805.34,2,91.84,Autumn,20865.12
18899.15,18165.88,3,100.78,Spring,16904.25
44859.69,18041.21,1,108.62,Winter,9829.11
44428.39,15387.95,2,101.39,Autumn,-186.11
28887.32,28076.88,7,84.23,Winter,17917.89
38332.75,18388.4,2,91.97,Summer,9200.02
33341.36,26085.79,6,99.26,Spring,-11486.22
76284.06,27606.58,3,99.24,Summer,20331.03
64035.18,24991.55,4,119.73,Summer,12965.25
69073.33,17841.9,8,86.14,Spring,25212.53
60825.08,22018.65,3,105.06,Summer,623.04
33064.22,19879.02,6,114.89,Spring,-19779.01
42132.2,15481.49,1,122.71,Winter,12831.47
57340.62,21621.8,7,95.96,Summer,15830.41
31668.08,14104.8,8,104.91,Spring,-4949.43
60694.98,25938.4,8,105.7,Autumn,4649.83
46395.12,17676.91,3,101.95,Summer,37903.59
44377.69,21005.8,1,99.01,Winter,6353.74
60664.4,21416.44,9,104.36,Spring,21774.12
56663.95,18705.48,6,74.68,Summer,4577.04
44585.51,22933.47,9,106.82,Summer,-6978.08
67389.95,17625.48,7,101.26,Summer,11659.95
33784.05,24356.49,1,97.78,Winter,6430.68
59239.03,13270.1,1,120.47,Spring,6548.28
58896.52,20631.9,6,93.25,Autumn,11151.47
45356.8,29694.64,5,95.97,Autumn,14624.59
54892,14998.34,9,119.92,Autumn,12979.3
31233.3,16611.28,2,91.68,Spring,-4165.49
63860.41,22569.54,8,94.5,Autumn,18625.43
47226.47,20897.91,5,98.53,Winter,-7974.06
42159.15,21753.15,2,108.41,Spring,-10234.87
65735.14,22445.94,6,102.08,Summer,20598.24
39434.84,23173.61,8,87.07,Winter,17309.33
28873.08,25548.5,4,94.68,Summer,9667.58
26650.56,22049.09,2,93.93,Autumn,-5121.53
59090.15,18793.71,5,99.23,Winter,4900.39
30793.56,23362.87,2,104.26,Spring,6994.24
76321.91,29499.41,2,104.18,Winter,-3513.89
18771.06,19336.83,6,82.24,Summer,2227.21
75446.85,15127.35,9,110.64,Spring,21537.83
53165.26,25535.4,4,102.53,Winter,26160.65
48549.3,19398.09,6,113.85,Winter,8537.46
41826.21,9136.65,7,104.44,Winter,19169.13
55987.04,24237.11,6,111.01,Winter,-5791.78
49435.48,17323.36,8,104.67,Spring,19685.66
66549.53,19547.33,4,113.46,Summer,4544.78
51713.41,21659.9,1,105.22,Winter,13212.92
52254.53,20952.5,7,99.02,Spring,10262.4
44545.82,23547.26,3,122.72,Summer,24971.21
49145.82,17822.57,6,108.89,Winter,3643.24
54617.03,22565.53,2,105.74,Summer,17119.16
24347.47,18702.27,9,87.24,Summer,8800.48
29777.22,23694.05,1,87.12,Spring,6657.33
61148.96,23076.84,6,102.93,Summer,11231.56
52562.98,15322.81,6,101.46,Spring,3470.24
47240.25,25429.91,5,93.86,Winter,11508.42
50276.51,17320.18,5,101.41,Summer,10863.46
55213.73,24040.29,1,115.89,Summer,13410.81
41903.6,21836.44,5,106.95,Autumn,12574.65
38325.43,29190.92,2,88.59,Winter,17720.99
52937.68,18882.67,7,98.88,Winter,21896.58
35324.41,18253.42,3,91.95,Autumn,-1142.24
56123.79,19902.9,4,96.12,Autumn,19932.15
24461.25,18484.1,3,95.86,Spring,-2868.57
65437.33,23999.71,3,95.22,Spring,17331.4
57088.96,11918.45,4,87.45,Summer,16397.81
53840.45,14731.59,5,98.72,Summer,-7786.62
64740.36,14660.99,1,94.39,Summer,10579.19
74982.12,24751.54,4,70.71,Summer,6599.77
65215.55,28553.07,8,120.53,Spring,7983.87
22386.89,19477.75,7,110.89,Winter,25290.59
30806.35,19155.89,9,96.24,Summer,5868
40627.72,20350.26,5,100.19,Winter,3165.14
50391.37,25809.39,4,88.28,Summer,11775.27
57764.89,15363.23,8,116.96,Autumn,20861.2
39113.84,21191.84,9,118.97,Summer,12703.05
52801.5,24875.99,7,101.57,Summer,24892.36
38669.26,22505.47,7,110.24,Summer,18075.66
40827.23,20947.91,5,101.75,Spring,-10477.42
28900.08,25005.23,4,86.63,Autumn,4522.25
36151.5,6483.84,1,95.88,Summer,2021.86
29724.73,23389.38,7,101.32,Summer,16737
35361.9,16729.62,1,95.45,Winter,-17809.21
65804.63,10846.84,1,97.81,Autumn,35078.58
35759.02,22556.01,5,99.09,Summer,16377.19
89485.73,26868.29,9,99.19,Winter,17632.02
57399.77,19312.76,6,100.52,Winter,24316.69
52772.54,24764.37,3,89.39,Spring,34025.82
37124.63,28061.39,3,92.83,Winter,19010.11
60504.65,26574.57,7,87.15,Summer,22516.83
41365.43,28199.82,6,109.78,Spring,14120.16
51830.15,23710.64,9,78.94,Spring,11520.1
88401.27,20377.17,6,111.54,Summer,9889.28
48559.1,11990.17,5,113.86,Autumn,3359.05
67239.1,18769.69,7,96.98,Winter,6402.39
39452.35,15783.77,1,73.97,Spring,-6071.74
49475.17,30854.71,7,96.39,Autumn,12542.92
76562.01,19120.57,3,99.36,Summer,-5000.93
40595.49,20616.02,9,89.89,Winter,14642.72
77186.73,22757.43,6,94.85,Winter,13119.12
60616.28,20218.01,9,115.3,Spring,16382.61
41563,28475.26,5,106.65,Winter,7027.36
59486.12,16886.75,7,90.75,Winter,43191.35
64588.32,20973.04,4,84.02,Winter,24769.42
59327.15,16287.65,7,96.73,Winter,220.44
26446.63,13399.89,1,97.87,Summer,10136.5
39092.94,16941.15,7,104.96,Autumn,6017.88
46287.22,19814.82,8,94.65,Summer,2507.25
48883.5,17853.49,5,105.11,Summer,-1752.77
59310.08,16537.9,2,119.35,Spring,15578.2
52665.52,12968.41,5,108.16,Winter,4824.95
29969.83,19584.47,6,99.52,Summer,20739.51
55702.97,12476.4,2,98.17,Winter,19689.58
59158.79,23800.28,6,96.43,Summer,26442.61
58396.86,20412.2,6,111.81,Summer,4639.45
66211.71,12712.24,1,93.73,Spring,14267.72
62508.83,18453.95,1,100.45,Autumn,16488.8
56887.7,16239.22,3,100.51,Autumn,5967.24
48947.51,21595.87,3,94.98,Summer,2726.33
25085.59,26702.25,4,86.28,Spring,25799.67
56444.27,10624.14,2,103.23,Winter,12168.6
53115.32,20575.13,9,99.39,Winter,20190.95
54073.68,19199.34,7,105,Summer,4788.87
30848.77,23356.7,7,94.66,Autumn,-508.87
33784.15,21065.98,6,112.21,Spring,6290.49
65797.29,16240.15,3,91.23,Autumn,9450.36
49406.67,18404.73,6,117.12,Winter,2216.51
60222.51,16019.87,8,82.52,Autumn,12360.27
50424.78,25380.04,8,104.35,Winter,-3055.91
50446.34,20106.56,9,104.75,Spring,2667.87
64074.26,29505.95,1,92.04,Spring,17375.3
42259.33,19696.7,1,104.24,Summer,15458.61
51441.81,16457.97,3,112.8,Summer,7129.96
43065.87,12431.43,3,77.83,Autumn,-1598.34
43482.56,10984.3,8,105.03,Spring,2030.34
45362.42,12079.32,1,75.07,Spring,3755.28
53332.01,21335.63,2,90.34,Summer,16355.64
42818.77,22543.63,2,116.29,Winter,20101.39
68836.34,12094.05,3,94.18,Autumn,5693.02
36580.89,24475.19,6,88.26,Autumn,-294.86
47196.93,17584.69,1,98.02,Summer,11866.06
43404.03,20733.97,2,120.68,Spring,2627.57
71704.67,28061.1,1,81.68,Summer,5251.6
52948.32,24484.2,5,89.49,Summer,24853.41
65477.67,18657.35,7,114.97,Summer,22306.13
27716.59,15544.04,8,118.58,Summer,14158.1
54005.75,9240.92,1,98.97,Winter,-3771.13
63344.46,16404.23,7,87.61,Winter,14534.03
51234.26,18944.35,5,120.96,Spring,23251.83
65982.21,15064.1,1,115.94,Summer,7064.9
42240.67,19343.72,3,106.79,Winter,24070.17
71140.21,20384.26,7,91.88,Spring,26209.2
84483.47,18875.72,1,99.51,Summer,27867.06
44557.42,16749.99,7,98.4,Autumn,15080.3
43317.46,20843.27,5,103.31,Winter,17432.75
71800.77,22209.7,1,114.51,Spring,25734.19
73693.58,14548,1,108.79,Autumn,15301.96
42157.1,27054.66,1,89.23,Summer,4241.39
43697.2,19507.06,9,113.76,Summer,9468
45773.23,20094.25,3,103.13,Summer,12958.25
29833.24,23541.07,5,106.87,Winter,-1627.17
36220.22,21166.08,9,114.67,Spring,12305.21
34937.89,24765.68,6,88.88,Autumn,22177.62
38483.04,21435.62,9,99.64,Spring,-8791.54
49479.73,16937.81,8,94.69,Winter,27968.33
53513.22,21807.52,8,84.32,Spring,23860
73257.51,14281.37,1,103.47,Winter,5941.24
35024.69,20542.8,9,125.12,Summer,19604.57
64764.84,19833.85,6,81.6,Autumn,11976.43
46790.17,18959.42,9,99.68,Summer,25660.17
49258.04,19357.31,3,106.41,Spring,20658.82
60122.29,10590.75,3,101.23,Summer,-3565.83
33159.17,17256.38,6,98.87,Autumn,16894.59
55736.15,20464.22,9,87.01,Summer,11238.17
52496.78,20799.28,7,102.33,Autumn,13773.61
57386.77,14861.62,3,92.43,Autumn,2938.05
54337.53,26328.54,3,78.1,Summer,27729.53
86829.5,15669.13,2,111.95,Winter,22653.12
40433.9,24847.29,9,109.58,Spring,6590.77
42035.05,22135.97,3,100.52,Winter,-2887.48
40652.89,16768.86,5,102.29,Winter,7191.93
41667.84,28876.55,9,110.74,Summer,18795.54
40439.19,14031.82,8,102.24,Spring,14658.56
67835.25,24595.77,2,109.04,Spring,24342.75
71307.56,25002.91,3,97.03,Winter,19876.31
41438.81,16646.9,2,113.12,Summer,19775.38
37514.67,26962.33,8,103.21,Spring,16461.77
57071.23,18749.77,6,101.94,Winter,-1382.44
41716.65,21443.47,6,87.3,Spring,9209.32
59493.98,21301.61,9,102.87,Summer,24943.23
53043.85,19328.46,8,91.68,Summer,12287.24
27263.84,24054.04,4,93.62,Summer,15019.42
73212.58,23967.44,4,91.85,Spring,8983.04
76938.17,11257.34,9,89.34,Autumn,3456.38
40808.17,26521.7,1,121.25,Spring,9491.2
44184.48,11687.54,2,113.31,Autumn,12940.2
54287.98,25162.73,2,119.2,Summer,5150.54
55016.85,25633.53,6,87.77,Winter,9892.91
59878.16,14545.17,4,100.71,Autumn,1838.39
80153.07,17945.93,3,87.06,Summer,22508.78
47345.79,14471.48,3,93.04,Summer,6752.45
38025.54,18925.39,3,90.82,Autumn,24023.86
29310.21,18459.83,6,112.4,Winter,26909.78
39036.05,23898.3,8,96.04,Summer,11875.21
49503.1,26551.54,7,110.68,Autumn,3588.79
76918.37,26978.42,4,106.04,Winter,-7492.79
42235.83,17189.16,4,123.04,Winter,-3021.45
53356.82,18953.89,2,85.21,Summer,-4273.7
49753.66,11582.81,1,112.59,Spring,23328.5
67825.9,15970.65,9,111.46,Spring,15900.19
87903.99,24824.26,2,90.27,Summer,15810.69
42036.97,28077.91,8,110.07,Winter,-8292.63
42658.41,13828.26,9,103.36,Summer,947.52
65662.41,17037.68,4,97.73,Autumn,20443.43
60228.37,19867.97,8,91.76,Spring,16056.6
77700.61,21400.81,9,92.81,Autumn,13305.54
58758.92,15951.98,5,120.5,Summer,18407.53
44610.62,22120.31,7,100.01,Summer,28878.63
58859.82,17630.8,4,107.82,Winter,9594.03
66630.55,19927.74,1,92.09,Winter,10783.94
62307.23,22731.42,3,92.2,Winter,13029.84
57609.11,20032.11,5,110.82,Autumn,36485.12
66000.12,17818.07,3,86.5,Winter,-10383.11
67539.43,19451.95,7,95.85,Summer,20077.86
70732.38,19558.19,9,100.34,Winter,13530.25
59730.65,18149.94,6,101.11,Spring,18161.74
47493.23,18706.02,1,98.21,Winter,2767.92
52200.71,27993.24,7,103.96,Autumn,13097.84
68097.63,22804.6,3,106.93,Spring,19189.86
37745.96,18522.6,5,107.35,Spring,42365.71
55530.1,23484.77,4,90.14,Spring,19242.65
44099.92,18330.9,5,97.16,Autumn,2588.81
50431.17,25865.62,5,111.95,Summer,8470.71
69176.78,21848.21,6,108.95,Winter,9180.05
52866.49,19463.49,6,86.27,Spring,-6442.53
50696.55,22238.58,8,103.51,Spring,10188.51
29602.16,12145.62,8,80.22,Spring,17791.05
61193.8,14366.16,9,100.47,Summer,1010.16
59682.26,14030.37,8,118.98,Summer,24560.37
82448.82,20714.72,2,90.52,Autumn,16223.37
45383.33,28662.57,1,91.66,Summer,2322.84
53287.25,31156.5,2,107.64,Winter,10183.59
53740.76,23190.26,2,84.57,Autumn,25793.98
73661.8,22504.22,3,93.67,Autumn,19042.41
48570.57,10994.71,7,105.96,Winter,12253.94
54185.32,17286.63,2,93.66,Winter,7458.36
59118.45,16061.08,1,97.64,Winter,10448.9
52799.14,16895.76,6,107.44,Autumn,7285.98
43303.5,19159.28,9,104.22,Autumn,-7598.58
52911.35,17639.55,3,102.67,Autumn,31152.01
66104.48,10103.5,6,96.61,Winter,13557.25
34602.27,23739.55,3,103.7,Winter,14355.75
51994.55,14636.28,1,98.76,Spring,8629.55
39498.19,21196.23,5,104.58,Summer,4068.44
67925.7,30370.41,4,95.03,Spring,10718.17
27152.2,15403.08,7,98.17,Winter,-4935.59
41616.17,7348.56,6,90.1,Autumn,32984.56
55658.18,18569.98,7,99.65,Winter,465.89
73482.86,25504.8,5,91.89,Summer,2509.36
49013.75,29791.74,4,88.86,Spring,6874.43
41672.01,13852.25,7,102.59,Spring,24702.04
78217.36,22483.5,7,102.13,Autumn,14501.14
28279.79,17673.45,6,107.83,Spring,-1141.99
17017.91,19470.26,8,95.69,Spring,23736.4
56600.22,33221.72,4,104.08,Winter,20061.75
42469.19,12485.15,5,105.51,Spring,16282.12
34681.51,21268.7,4,104.45,Spring,17815.41
60625.35,22338.47,1,91.74,Spring,33848.96
53657.01,25428.93,8,101.49,Autumn,35682.61
41538.82,20489.92,1,103.64,Autumn,2570.98
30795.43,21540.25,5,100.07,Winter,27065.34
63086.86,18041.76,6,79.14,Spring,15386.37
59753.02,21345.63,6,101.6,Autumn,17806.26
48512.36,18284.04,5,122.13,Autumn,-4387.87
77699.55,23107.86,3,96.4,Winter,10409.75
33948.73,18151.95,5,92.72,Summer,2177.36
27117.12,21885.5,8,103.73,Spring,20573.78
39621.38,19853.69,2,103.12,Autumn,20476.17
49316.21,25630.25,6,111.93,Winter,-7572.13
53650.09,19743.03,9,87.42,Winter,12972.6
46381.46,11134.84,8,107.31,Winter,23853.98
55280.83,26309.61,8,105.9,Autumn,12337.02
31226.91,15471.34,8,98.58,Spring,19018.69
71656.47,16731.17,7,103.39,Summer,17122.47
48767.73,17021.69,8,110.29,Spring,16731.22
66759.44,26872.19,6,108.72,Winter,11270.6
55140.88,9321.63,2,88.57,Winter,-3174.53
56851.3,35688.74,2,108.2,Summer,912.36
58546.51,25280.28,8,99.35,Spring,21010.77
56715.63,21116.19,1,100.73,Winter,10316.16
59640.84,19725.53,6,100.73,Winter,11271.46
69937.29,21427.77,6,98.5,Spring,8897.19
52947.82,22605.61,4,111.92,Winter,9059.95
60635.06,23226.08,3,99.16,Spring,21816.96
48653.96,22778.02,3,88.8,Winter,6902.5
71601.76,20447.9,1,96.06,Spring,-2891.73
39854.12,19013.31,3,101.79,Summer,17559.79
77014.11,19243.63,4,112.29,Winter,11015.93
49397.63,19025.46,5,106.03,Summer,12127.38
28538.37,25668.85,3,91.49,Winter,25690.71
51921.57,22967.78,6,124.85,Winter,13530.4
39784.23,5298.06,5,102.65,Autumn,12977.39
62609.65,23279.5,3,112.75,Spring,341.11
40210.64,20973.68,6,98.48,Summer,9435.73
43307.25,19906.46,6,105.33,Summer,18139.64
21656.89,18057.41,8,108.39,Summer,-3586.8
43215.41,25620.56,2,112.18,Spring,12827.87
13641.81,24737.63,1,110.57,Autumn,9737.51
26241.46,16135.61,4,108.72,Summer,10471.8
61406.22,22035.26,7,96.85,Spring,23547.22
61787,15141.72,3,94.28,Winter,13919.07
56381.86,13101.91,3,103.33,Summer,25334.46
35495.36,16866.41,5,109.33,Summer,1174.69
49284.33,24311.97,5,97.77,Autumn,13196.92
49945.96,24765.63,3,110.65,Summer,12375.72
32624.53,22565.43,9,114.53,Summer,2990.42
72550.97,23625.48,4,90.84,Winter,21682.54
63160.43,22580.89,3,91.63,Spring,34292.73
46685.54,16792.59,2,98.6,Spring,9437.62
50403.29,22159.61,9,103.08,Autumn,19037.14
53125.74,24002.05,4,94.75,Winter,12219.14
19373.98,23771.46,3,113.52,Spring,2910.57
46292.34,25944.57,7,104.24,Winter,-5045.42
39770.24,23541.52,8,100.39,Spring,5833.6
34975.7,21757.24,2,85.64,Winter,-5088.22
45783.5,25350.75,7,86.84,Autumn,29240.26
76965.3,19867.39,5,102.81,Summer,11947.06
59612.64,15590.63,5,78.67,Autumn,7242.19
41432.32,19184.67,3,110.13,Spring,19504.43
58588.74,16275.49,5,98.42,Autumn,474.97
